ID|Name|RAM|Disk|Ephemeral|VCPUs|Is Public|Swap|RXTX Factor|Properties
00bc3524-3d47-4d81-a2cc-f58bc935acf3|kafka-production-16-32|32768|200|0|16|True||1.0|aggregate_instance_extra_specs:shared='true', hw:cpu_max_sockets='1'
011da40c-cf11-4429-9446-de43270fb39c|test-flavor-golden|2048|10|0|2|True||1.0|aggregate_instance_extra_specs:shared='true', hw:cpu_max_sockets='2'
013cf9bb-0476-4601-972e-cb107474a4ff|n2-highcpu-48-32-1s|32768|10|0|48|True||1.0|aggregate_instance_extra_specs:shared='true', hw:cpu_max_sockets='1'
04c4e9d5-1523-41f5-804e-745aa1c4f57c|brifirst-dev-20-512|524288|250|0|20|True||1.0|aggregate_instance_extra_specs:shared='true', hw:cpu_max_sockets='1'
05067c0d-f35e-4dec-9658-3c0bc01dce8c|c2-standard-8-24s|24576|10|0|8|True|24576|1.0|aggregate_instance_extra_specs:shared='true', hw:cpu_max_sockets='1'
05a58eaf-2ccf-4163-9092-dbbadf0287fc|n2-highmem-80|655360|10|0|80|False|655360|1.0|
06203682-5aa6-49ad-b52e-56a46b207705|grafana-32-16-50|32768|50|0|16|True||1.0|aggregate_instance_extra_specs:shared='true', hw:cpu_max_sockets='1'
06da0a2f-e1b3-40da-b0db-e8068c47fb2f|resize-k8s-ops-monit|32768|200|0|8|True||1.0|
0769c237-4207-47ce-ba77-8f7bfe5cf38c|n2-highmem-16-dedicated|131072|10|0|16|True|131072|1.0|aggregate_instance_extra_specs:pinned='true', hw:cpu_policy='dedicated', hw:numa_nodes='4'
07f5315c-5a0f-43c0-8009-15c637a35dce|nifi-64-500-1s|65536|500|0|8|True||1.0|aggregate_instance_extra_specs:shared='true', hw:cpu_max_sockets='1'
09039712-e63d-4d33-a6e7-a341d9a8380c|n2-standard-2|8192|10|0|2|False|8192|1.0|
0a5658d0-0d3e-44ed-8795-d047f008b348|c2-standard-4-1s|8192|10|0|4|True|8192|1.0|aggregate_instance_extra_specs:shared='true', hw:cpu_max_sockets='1'
0b081336-b1fc-4738-b3b6-6650794237cd|n2-highcpu-48|49152|10|0|48|False|49152|1.0|
0bf720e4-58c8-4cc9-a104-3123da990ada|flavor-kubernetes-3|8192|100|0|4|False|4096|1.0|
0e87f102-74b7-491f-babc-52ccaed90696|c2-standard-0-1s|1024|10|0|1|True|1024|1.0|aggregate_instance_extra_specs:shared='true', hw:cpu_max_sockets='1'
0f3fcd1c-997c-4081-b5f6-57cecd51de26|btech-test-56-vcpu|262144|20|0|56|False||1.0|hw:cpu_policy='shared', hw:cpu_sockets='56', hw:numa_nodes='2'
106ac592-4419-4c3b-9256-4d6018bf7868|n2-standard-8-1s|32768|10|0|8|True||1.0|aggregate_instance_extra_specs:shared='true', hw:cpu_max_sockets='1'
12fef882-470b-48ee-b17e-3465a801287e|test-recover-2-4-1s|2048|15|0|2|True||1.0|aggregate_instance_extra_specs:shared='true', hw:cpu_max_sockets='1'
13ca3993-f90f-4620-b031-5c749bd2ed22|app-dev-24-36|32768|10|0|24|True||1.0|
1446aa8a-79a3-4d34-942a-e95de5dde814|n2-highcpu-64-32-1s|32768|10|0|64|True|32768|1.0|aggregate_instance_extra_specs:shared='true', hw:cpu_max_cores='64', hw:cpu_max_sockets='1', hw:numa_nodes='4'
1604728e-477f-4e95-acbe-fb64a734c484|brifirst-dev-4-256-v2|262144|10|0|4|True|20480|1.0|aggregate_instance_extra_specs:shared='true', hw:cpu_max_sockets='1'
16dbd5ea-b0cc-4084-96d5-a701886a3dd8|standard-2-8-swap|8192|10|0|2|True|65536|1.0|aggregate_instance_extra_specs:shared='true', hw:cpu_max_sockets='1'
17c43e01-3684-4215-997e-cb347efd20aa|n2-highcpu-24-32-dedicated|32768|10|0|24|True||1.0|aggregate_instance_extra_specs:pinned='true', hw:cpu_max_sockets='2', hw:cpu_policy='dedicated', hw:numa_nodes='4'
18c07440-7229-4344-aed9-f52942d5cf9a|n2-standard-48-1s|196608|10|0|48|True|196608|1.0|aggregate_instance_extra_specs:shared='true', hw:cpu_max_sockets='1'
18d52bed-405f-40f1-81c6-5b85d1b7fd98|brimo-k8s-sql-8-16|16384|100|0|8|True||1.0|aggregate_instance_extra_specs:shared='true', hw:cpu_cores='1', hw:cpu_sockets='1', hw:cpu_threads='2'
19a835ed-d2ca-43e5-b7b0-2e06c38b753f|hbase-test-worker|131072|10|0|16|True||1.0|aggregate_instance_extra_specs:shared='true', hw:cpu_cores='1', hw:cpu_policy='shared', hw:cpu_threads='2', hw:numa_nodes='2'
1a2ee908-66ab-4d99-9fe7-07e8a3a1aa5a|dedicated-8-16-1s|16384|25|0|8|False||1.0|aggregate_instance_extra_specs:pinned='true', hw:cpu_max_cores='8', hw:cpu_max_sockets='1', hw:cpu_max_threads='1', hw:cpu_policy='dedicated', hw:numa_node='1'
1da6f8a1-2f86-468e-8e87-0c6a01eb355e|c2-standard-0|1024|10|0|1|False|1024|1.0|
1f2a2311-b916-4e44-9806-d7cf947e4859|n2-highcpu-4|4096|10|0|4|False|4096|1.0|aggregate_instance_extra_specs:shared='true', hw:cpu_max_sockets='1'
1fd023f7-2244-4e29-b367-4adcd1e210bc|brimo-k8s-sql-8-8|8192|100|0|8|True||1.0|aggregate_instance_extra_specs:shared='true', hw:cpu_cores='1', hw:cpu_sockets='1', hw:cpu_threads='2'
1fdc7639-b20d-4957-9005-3e8ae5e562f3|n2-highmem-32-dedicated-hbase-2|131072|0|0|32|True||1.0|aggregate_instance_extra_specs:pinned='true', hw:cpu_max_cores='8', hw:cpu_max_sockets='2', hw:cpu_max_threads='2', hw:cpu_policy='dedicated', hw:numa_nodes='4'
200|amphora|1024|3|0|1|False||1.0|aggregate_instance_extra_specs:shared='true'
244b149a-f86b-4313-9cf7-6b5cd5f24472|m1.large|4096|50|0|4|False||1.0|
24994916-12f9-4727-8a74-c5b22db2c80b|n2-highmem-16-dedicated-numa-2|131072|10|0|16|True|131072|1.0|access_project_ids='1a6333bb99d04632880580f3d7828035', aggregate_instance_extra_specs:pinned='true', hw:cpu_policy='dedicated', hw:numa_nodes='2'
25606c92-730a-421a-b877-a2d0aca28301|dedicated-16-128-numa-2|131072|10|0|16|True||1.0|aggregate_instance_extra_specs:pinned='true', hw:cpu_cores='1', hw:cpu_policy='dedicated', hw:cpu_threads='2', hw:numa_nodes='2'
2796f029-4728-4940-8786-1a5f890d2aeb|c2-standard-8-1s|16384|10|0|8|True|16384|1.0|aggregate_instance_extra_specs:shared='true', hw:cpu_max_sockets='1'
29521bbb-e251-4b5d-a75f-dde6594323d6|confluent-dev-8-16|16384|200|0|8|True||1.0|aggregate_instance_extra_specs:shared='true', hw:cpu_max_sockets='1'
2cd4eb73-6508-426c-a491-098921622cf2|n2-highmem-2-dedicated|16384|10|0|2|True||1.0|aggregate_instance_extra_specs:pinned='true', hw:cpu_cores='1', hw:cpu_policy='dedicated', hw:cpu_sockets='1', hw:cpu_threads='2', hw:numa_nodes='2'
2ce25d8a-a322-4b81-835c-b3134e789ac1|brifirst-dev-8-64-v2|65536|10|0|8|True|20480|1.0|aggregate_instance_extra_specs:shared='true', hw:cpu_max_sockets='1'
3048d3d1-efd5-4bcd-9f9c-474152293902|coba-flavor|2048|10|0|2|False||1.0|
30d99109-8ccd-486c-bd73-70849291cbc0|edb-n2-highcpu-24-32-dedicated|32768|10|0|24|True||1.0|aggregate_instance_extra_specs:pinned='true', hw:cpu_max_cores='24', hw:cpu_max_sockets='1', hw:cpu_max_threads='1', hw:cpu_policy='dedicated', hw:numa_nodes='4'
31d56040-71c2-4305-b9fb-422033550dc6|s4hana-db-brifirst-15-256|262144|10|0|15|True|20480|1.0|aggregate_instance_extra_specs:shared='true', hw:cpu_max_sockets='1'
3361cde8-5fe6-4897-9bbf-a4e47785ce48|n2-standard-16|65536|10|0|16|False|65536|1.0|
3741c17c-dce3-474e-b4a4-433f0691cf9e|n2-standard-80|327680|10|0|80|False|327680|1.0|
37cdd8f1-fd4c-4910-a423-8d1f047c57f9|n2-highcpu-32-72|73728|10|0|32|True||1.0|aggregate_instance_extra_specs:shared='true', hw:cpu_max_sockets='1'
3af305c6-73bb-43cf-a1b7-756e3326b44b|confluent-dev-4-4|4096|200|0|4|True||1.0|aggregate_instance_extra_specs:shared='true', hw:cpu_max_sockets='1'
3c504d81-9253-41ef-a6cc-f4ba0cf8f114|n2-high-8-16-1s|16384|25|0|8|False||1.0|aggregate_instance_extra_specs:shared='true', hw:cpu_max_cores='8', hw:cpu_max_sockets='1', hw:cpu_max_threads='1', hw:numa_nodes='1'
3c63bd01-2dce-4ae5-9295-488c422564df|w2012-slik-database-sql-1-64GB-RAM|65536|10|0|16|True||1.0|
3cf0a442-d710-4f3a-bb6b-88face2d8382|brimo-k8s-worker-16-64|65536|200|0|16|True||1.0|aggregate_instance_extra_specs:shared='true', hw:cpu_cores='1', hw:cpu_max_sockets='1', hw:cpu_threads='2'
3daa7e38-fed0-4d85-bfe3-590039b2cce4|standard-2-4|4096|10|0|2|True||1.0|aggregate_instance_extra_specs:shared='true', hw:cpu_max_sockets='1'
3dcf139a-c29e-40f0-9b54-85ad185ce945|fio|16384|100|0|16|True||1.0|hw:cpu_policy='dedicated'
3f3f1a26-bae2-4b03-8060-7b68f31a93ad|n2-highcpu-4-1s|4096|10|0|4|True|4096|1.0|aggregate_instance_extra_specs:shared='true', hw:cpu_max_sockets='1'
3f498791-fc5e-46ff-a1ab-f335890899da|n2-standard-16-1s|65536|10|0|16|True|65536|1.0|aggregate_instance_extra_specs:shared='true', hw:cpu_max_sockets='1'
3f7067a3-4300-4d8c-a9cb-43ca973c2bb2|c2-standard-2|4096|10|0|2|False|4096|1.0|
40762c75-b06e-4518-b25c-fa74253b55fe|n2-highmem-16-v2|131072|10|0|16|True|131072|1.0|aggregate_instance_extra_specs:shared='true', hw:cpu_threads='2'
415ea297-6f83-47f3-a384-6a08900b4419|btech-test-elk|81920|100|0|32|False||1.0|aggregate_instance_extra_specs:shared='true', hw:cpu_max_sockets='1'
42237039-197e-46a7-b0b9-6297d6dca469|flavor-windows-8-16|16384|10|0|8|False||1.0|hw:cpu_cores='8', hw:cpu_sockets='1'
439d4a40-9015-4fa8-a9a4-df71f4bdb9f9|c2-standard-4|8192|10|0|4|False|8192|1.0|
45fe2221-cd6e-474e-8ef2-7343ad62ba6d|c2-standard-16-64|65536|10|0|16|True|65536|1.0|aggregate_instance_extra_specs:shared='true', hw:cpu_max_sockets='1'
4732946f-394b-4363-996c-a08ac5423dc6|m1.small|1024|20|0|1|False||1.0|aggregate_instance_extra_specs:shared='true'
4796c958-1326-4697-9380-e14505780720|grafana-48m-16c-50d|49152|50|0|16|True|49152|1.0|aggregate_instance_extra_specs:shared='true', hw:cpu_sockets='1', hw:numa_nodes='1'
4902d0b5-9ae0-44a9-b87f-ba463586d96d|n2-standard-48|196608|10|0|48|False|196608|1.0|
499424bf-8c72-405a-9cf3-aa2d44ed9a10|n2-standard-8|32768|10|0|8|False|32768|1.0|
4c2928df-2c3f-4bc8-b671-59abf798dd70|ddb-ubuntu-8-8|8192|300|0|8|True||1.0|
4cda5183-552f-4cef-b6cc-20ccd680d020|app-dev-8-4|8196|10|0|4|True||1.0|aggregate_instance_extra_specs:shared='true', hw:cpu_max_sockets='1'
4d13aff5-05eb-459e-b4af-479dad62283b|flavor-kubernetes|16384|100|0|8|False||1.0|
4f185f34-e457-4ad3-93cb-01282879d2a7|n2-standard-24-1s|32768|10|0|24|True|32768|1.0|aggregate_instance_extra_specs:shared='true', hw:cpu_max_sockets='1'
4f229461-8c1c-4b6f-bad9-13880f5ce31e|n2-highcpu-2-1s|2048|10|0|2|True|2048|1.0|aggregate_instance_extra_specs:shared='true', hw:cpu_max_sockets='1'
50130b05-9313-425d-9c42-a9df90f0dbfc|m1.tiny|512|20|0|1|False||1.0|
508c7189-e855-45e9-bd04-fcf41144f699|standard-2-4-swap|4096|10|0|2|True|8192|1.0|aggregate_instance_extra_specs:shared='true', hw:cpu_max_sockets='1'
509a3479-1851-4451-8c73-5c55ca179c9d|test-max-sockets2|2048|10|0|1|True||1.0|aggregate_instance_extra_specs:shared='true', hw:cpu_max_sockets='2'
50d743c6-c9f8-4415-a1d5-705a3bee3477|node-cms-cdp-1s|65536|500|0|8|False||1.0|
50dd02fa-3ce5-4f62-9fd6-1e3e6dde64e9|n2-highmem-4|32768|10|0|4|False|32768|1.0|
50de8409-b789-44a9-b322-5ef36ab33ddb|mysql58-8-8|8192|500|0|8|True||1.0|aggregate_instance_extra_specs:shared='true', hw:cpu_max_sockets='1'
545acf70-2599-488f-958a-5eaaeb87b373|kafka-32-64-dedicated|65536|200|0|32|True||1.0|aggregate_instance_extra_specs:pinned='true', hw:cpu_cores='8', hw:cpu_policy='dedicated', hw:cpu_sockets='2', hw:cpu_threads='2', hw:numa_nodes='4'
554ed325-99bf-474d-896a-8a0d5d4f0074|brimo-proxy-sql-4-4|4096|100|0|4|True||1.0|aggregate_instance_extra_specs:shared='true', hw:cpu_cores='1', hw:cpu_sockets='1', hw:cpu_threads='2'
5860d258-b36a-414d-a561-137443bf62cb|n2-highcpu-64|65536|10|0|64|False|65536|1.0|
5b7fe676-6f21-44e6-b3eb-d9b5413630fe|c2-standard-8-1ns|16384|0|0|8|True||1.0|aggregate_instance_extra_specs:shared='true', hw:cpu_max_sockets='1'
5c43cb5f-90b1-423e-a483-69d553e194b4|ceria-core-edb-48-64s|65536|10|0|48|True|65536|1.0|aggregate_instance_extra_specs:shared='true', hw:cpu_max_sockets='1'
5cf1a263-ee40-4304-b900-0a2ecb7f5bef|eim-brifirst-8-256|262144|10|0|8|True|20480|1.0|aggregate_instance_extra_specs:shared='true', hw:cpu_max_sockets='1'
5d232504-452f-4836-9500-ed5e607a9bbf|brimo-db-16-64|65536|2500|0|16|True||1.0|aggregate_instance_extra_specs:shared='true', hw:cpu_cores='1', hw:cpu_sockets='1', hw:cpu_threads='2'
5e87d4bf-e60f-4937-9f21-a6d1ca39ea4c|ceria-core-edb-48c-64m|65536|10|0|48|True||1.0|
5ee6101c-1366-4dc4-acb1-b4c0b6a80b02|resize-k8s-ops-monit-8vcpu-32Ram|32768|200|0|8|True||1.0|
5f72c94d-7247-40d6-87d5-6e8979858ca9|btech-n2-highmem-32-dedicated-hbase-test-core-2|131072|10|0|32|True|131072|1.0|aggregate_instance_extra_specs:pinned='true', hw:cpu_cores='2', hw:cpu_policy='dedicated', hw:cpu_sockets='2', hw:cpu_threads='2', hw:numa_nodes='4'
613fc56b-044b-4449-b9b2-b4283a6f11bb|kafka-production-16-64-dedi|65536|200|0|16|True||1.0|aggregate_instance_extra_specs:pinned='true', hw:cpu_policy='dedicated', hw:cpu_sockets='2', hw:numa_nodes='4'
6141b087-aa3c-4bad-a296-80faabccbe0e|chatbot-stg-8cpu-32ram|32768|10|0|8|True||1.0|aggregate_instance_extra_specs:shared='true', hw:cpu_max_sockets='1'
61990147-3ad6-4d43-80d7-0ad9e984c8ed|n2-standard-32-1s|65536|10|0|32|True|65536|1.0|aggregate_instance_extra_specs:shared='true', hw:cpu_max_sockets='1'
6680da93-6de0-4a63-b7ed-6aba1b5e5a87|n2-highmem-32-dedicated-hbase-numa-4|131072|10|0|32|True|131072|1.0|aggregate_instance_extra_specs:pinned='true', hw:cpu_cores='8', hw:cpu_policy='dedicated', hw:cpu_sockets='2', hw:cpu_threads='2', hw:numa_nodes='4'
66b8cedd-61cd-43b3-b0ad-32223e401dc5|n2-highmem-8-1s|65536|0|0|8|True|65536|1.0|aggregate_instance_extra_specs:shared='true', hw:cpu_max_sockets='1'
691dc052-9285-48d9-8353-e9df03fcddab|c2-standard-16-dedicated|32768|10|0|16|True|32768|1.0|aggregate_instance_extra_specs:pinned='true', hw:cpu_policy='dedicated', hw:numa_nodes='4'
69fc6f68-6df4-4f51-b8c7-ad14f2032227|brimo-k8s-infra-16-64|65536|200|0|16|True||1.0|aggregate_instance_extra_specs:shared='true', hw:cpu_cores='1', hw:cpu_sockets='1', hw:cpu_threads='2'
6acc1c7c-00a1-4528-9a78-61e5fac1e80d|confluent-dev-16-32|32768|200|0|16|True||1.0|aggregate_instance_extra_specs:shared='true', hw:cpu_max_sockets='1'
6b68fbde-dbc9-4495-92eb-d7570f58d0f1|ceria-nifi-8-8|8192|250|0|8|True||1.0|aggregate_instance_extra_specs:shared='true', hw:cpu_max_sockets='1'
6d10e9e1-94ba-47a9-a56a-4be2006dd344|m1.large-8-100|16384|100|0|8|True||1.0|aggregate_instance_extra_specs:shared='true', hw:cpu_max_sockets='1'
6e635957-33ea-4425-ac72-efdc8d2adaf2|kafka-production-32-64|65536|200|0|32|True||1.0|aggregate_instance_extra_specs:shared='true'
6f090242-016c-4f46-8e85-ec2f8ffae42b|local-repository-flavor|8192|50|0|16|True|16384|1.0|
6f36fa21-4a31-4bbe-92a8-7111a7a51cb7|chatbot-stg-8cpu-24ram|24576|10|0|8|True||1.0|aggregate_instance_extra_specs:shared='true', hw:cpu_max_sockets='1'
714f609a-4b8c-4634-8deb-2539d548a70b|n2-highcpu-2|2048|10|0|2|False|2048|1.0|
718351cc-4e71-42c3-aced-d0590d743241|n2-highmem-32|262144|10|0|32|False|262144|1.0|aggregate_instance_extra_specs:shared='true', hw:cpu_max_sockets='1'
71fff5ca-e311-4de7-aff7-b96e95640869|brifirst-dev-4-256|262144|1000|0|4|False||1.0|aggregate_instance_extra_specs:shared='true', hw:cpu_max_sockets='1'
7207b3d3-0418-412e-b395-71f252ae01ab|elastic-32-80|81920|10|0|32|False||1.0|aggregate_instance_extra_specs:shared='true', hw:cpu_max_sockets='1'
72f23586-90bc-461a-9591-4bfba4be64db|sabrina-database-8-32|32768|10|0|8|True||1.0|aggregate_instance_extra_specs:shared='true', hw:cpu_max_sockets='1'
73bc53ba-2858-4474-841c-f557bb77acf5|kafka-production-16-64|65536|200|0|16|True||1.0|aggregate_instance_extra_specs:shared='true'
751ef9f8-628c-450d-8b44-b687e586728a|m1.large-16-100|32768|100|0|16|True||1.0|aggregate_instance_extra_specs:shared='true', hw:cpu_max_sockets='1'
75eaddd8-3f33-46e6-881d-348a6379b54d|poc-aiops-8-8|8192|10|0|8|True||1.0|
792a61dc-5ea8-4b99-ba5c-19a34e22ffdd|n2-highcpu-64-1s|65536|10|0|64|True|65536|1.0|aggregate_instance_extra_specs:shared='true', hw:cpu_max_sockets='1'
79d6b4f1-4b35-42d9-b50c-edec50f86c34|flavor-16-16-100|16384|100|0|16|False||1.0|aggregate_instance_extra_specs:shared='true', hw:cpu_max_sockets='1'
79db64dc-3836-4de7-914b-3d67073fdc1b|all-compute-test|256|1|0|1|True||1.0|
7b377d27-1f72-4978-909d-97560ea3c110|brimo-k8s-master-8-32|32768|200|0|8|True||1.0|aggregate_instance_extra_specs:shared='true', hw:cpu_cores='1', hw:cpu_sockets='1', hw:cpu_threads='2'
7dc56e2f-0b2d-4a1f-abf5-a6e76a6a7b61|app-dev-8-8|8192|0|0|8|True||1.0|aggregate_instance_extra_specs:shared='true', hw:cpu_max_sockets='1'
7e1b2fa6-4515-49f6-b43d-36cf7616b95e|brifirst-dev-8-256|262144|10|0|8|True|20480|1.0|aggregate_instance_extra_specs:shared='true', hw:cpu_max_sockets='1'
7e76ae82-d5db-4116-8199-30cd4d1fbbec|flavor-kubernetes-3-1s|8192|100|0|4|True|8192|1.0|aggregate_instance_extra_specs:shared='true', hw:cpu_max_sockets='1'
80842b93-a9a4-472b-9168-334ff9d6d041|c2-standard-4-1s-50|8192|50|0|4|True|8192|1.0|aggregate_instance_extra_specs:shared='true', hw:cpu_max_sockets='1'
829a4c80-3534-43cd-b879-c49d99f4f132|tmp-tcp-dump-reader-2-4|4096|200|0|2|True||1.0|aggregate_instance_extra_specs:pinned='true', hw:cpu_cores='1', hw:cpu_max_sockets='1', hw:cpu_threads='2'
85f82092-3306-43ee-8c22-1bda12496dd0|brimo-k8s-worker-16-64-dedicated|65536|200|0|16|True||1.0|aggregate_instance_extra_specs:pinned='true', hw:cpu_cores='1', hw:cpu_policy='dedicated', hw:cpu_sockets='1', hw:cpu_threads='2', hw:numa_nodes='2'
86cd7836-cc9d-4262-b887-d83d6042bd99|c2-standard-24-1s|32768|10|0|24|True|32768|1.0|aggregate_instance_extra_specs:shared='true', hw:cpu_max_sockets='1'
87265437-3f0d-404e-9ef6-50a3f0001a95|brimo-proxy-8-16|16384|100|0|8|True||1.0|aggregate_instance_extra_specs:shared='true', hw:cpu_cores='1', hw:cpu_sockets='1', hw:cpu_threads='2'
885060dc-20b1-409b-aec1-872a7cb7f275|Elasticsearch-32-64|65536|10|0|32|True||1.0|aggregate_instance_extra_specs:shared='true', hw:cpu_cores='1', hw:cpu_sockets='1', hw:cpu_threads='2'
88553d50-be2f-40a6-9c6e-e466bd627a45|brimo-proxy-4-4|4096|100|0|4|True||1.0|aggregate_instance_extra_specs:shared='true', hw:cpu_max_sockets='1'
885be5d0-ddc9-494a-a3b8-f18b3efe5474|n2-highmem-8|65536|10|0|8|False|65536|1.0|
88898291-a6df-448a-88e0-ed5cb87e68e1|brifirst-dev-20-256|256000|250|0|20|True||1.0|aggregate_instance_extra_specs:shared='true', hw:cpu_max_sockets='1'
8a2f2714-dd4f-4c9d-9e9d-d34ce1790943|n2-highcpu-24-72|73728|10|0|24|True||1.0|aggregate_instance_extra_specs:shared='true', hw:cpu_max_cores='24', hw:cpu_max_sockets='1', hw:cpu_max_threads='1', hw:numa_nodes='4'
8a46823f-a99e-4774-86bf-e9b8adb55f5f|jumphost-windows|32768|100|0|16|False||1.0|aggregate_instance_extra_specs:shared='true', hw:cpu_max_sockets='2'
8c32aa43-6854-4f5c-b525-f426770565ee|n2-highmem-48-dedicated|393216|10|0|48|True||1.0|aggregate_instance_extra_specs:pinned='true', hw:cpu_policy='dedicated', hw:numa_nodes='4'
8ddaf21f-d7b0-4c02-b3f4-255e9da2b843|m1.large-1s-100|4096|100|0|4|True|4096|1.0|aggregate_instance_extra_specs:shared='true', hw:cpu_max_sockets='1'
8e55c8e1-0e08-4b4a-8ed5-074461c08776|n2-highcpu-32|32768|10|0|32|False|32768|1.0|aggregate_instance_extra_specs:shared='true', hw:cpu_max_sockets='1'
8f1586cf-249f-40c5-aeec-876177bf06c1|m1.small-1s|1024|20|0|1|True|1024|1.0|aggregate_instance_extra_specs:shared='true', hw:cpu_max_sockets='1'
90e0c78c-3e4b-4d5d-bc78-3e94a69405f6|n2-highmem-32-dedicated-hbase-test|131072|10|0|32|True|131072|1.0|aggregate_instance_extra_specs:pinned='true', hw:cpu_cores='8', hw:cpu_policy='dedicated', hw:cpu_sockets='2', hw:cpu_threads='2', hw:numa_nodes='4'
91212507-c8ab-41e9-9917-ef4be2e037b3|n2-highmem-4-dedicated|32768|10|0|4|True||1.0|aggregate_instance_extra_specs:pinned='true', hw:cpu_policy='dedicated', hw:numa_nodes='4'
91e38be2-e84a-4285-b8f6-28a3321980db|hbase-test|131072|10|0|32|True||1.0|aggregate_instance_extra_specs:shared='true', hw:cpu_cores='8', hw:cpu_max_sockets='2', hw:cpu_policy='shared', hw:cpu_sockets='2', hw:cpu_threads='2', hw:numa_nodes='4'
92164ab8-dec5-4560-aa4c-27dbee7f6632|n2-standard-2-1s|8192|10|0|2|True|8192|1.0|aggregate_instance_extra_specs:shared='true', hw:cpu_max_sockets='1'
945ae19b-82ea-4748-87bf-973e5201df6f|btech-monitoring|4096|500|0|4|True||1.0|aggregate_instance_extra_specs:shared='true', hw:cpu_cores='1', hw:cpu_sockets='1', hw:cpu_threads='2'
9486bbe2-43a6-43c8-9215-fb0105f11422|n2-highmem-16-48|49152|10|0|16|True||1.0|aggregate_instance_extra_specs:shared='true', hw:cpu_max_sockets='1'
9511e22f-b17f-4eaf-844e-d3e1744cb354|kafka-production-48-256|262144|200|0|48|True||1.0|hw:numa_nodes='4'
96469cfc-3894-49f2-bcd3-457b799a7b25|standard-2-4-swap-2|4096|10|0|2|True|16384|1.0|aggregate_instance_extra_specs:shared='true', hw:cpu_max_sockets='1'
968c62bb-5dee-4842-b3cf-5ce5325026eb|n2-standard-64|262144|10|0|64|False|262144|1.0|
9895dccd-6bdf-4a7c-b266-3f2a1034ce4e|sabrina-dbchatbot-8vcpu-32gbRam|32768|10|0|8|True||1.0|aggregate_instance_extra_specs:shared='true,hw:cpu_max_sockets=1'
9a77d91f-bd0f-4971-83bc-26a651a5d286|brimo-db-32-128|131072|5000|0|32|True||1.0|aggregate_instance_extra_specs:shared='true', hw:cpu_cores='1', hw:cpu_sockets='1', hw:cpu_threads='2'
9e08fabf-688a-49ce-9515-89374d54f75e|c2-standard-4-16|16384|10|0|4|True|8192|1.0|aggregate_instance_extra_specs:shared='true'
9e8d70bd-c866-458f-bf81-5d62861cf70d|c2-standard-16-1s|32768|10|0|16|True|32768|1.0|aggregate_instance_extra_specs:shared='true', hw:cpu_max_sockets='1'
9f497364-2389-4bd3-8c9b-264d6f683a0b|flavor-debug|4096|100|0|2|False||1.0|
a0e3ca86-32e5-446c-8d99-cc7ae38e8134|k9-standard-8-32|32768|250|0|8|True||1.0|aggregate_instance_extra_specs:shared='true', hw:cpu_max_sockets='1'
a0f2d4ab-54db-4b6e-a975-30f6d1ce6ea4|n2-highmem-48|393216|10|0|48|False|393216|1.0|
a1a8bae1-1613-4a54-a454-4ea19db5145b|n2-standard-48-64s|65536|10|0|48|True|65536|1.0|
a22cfeba-2da9-472a-9c50-04bd4930466b|BRIEAZYCASH|8192|300|0|8|False||1.0|
a25534d5-30a1-4b5f-ba68-41f6080889f6|sabrina-appchatbot-8-24s|24576|10|0|8|True|16384|1.0|aggregate_instance_extra_specs:shared='true', hw:cpu_max_sockets='1'
a2554208-585c-424b-a9ef-74530cd3459b|brimo-db-8-8|8192|10|0|8|True||1.0|aggregate_instance_extra_specs:shared='true', hw:cpu_cores='1', hw:cpu_sockets='1', hw:cpu_threads='2'
a360cf44-41a9-43d0-992f-4dc06e729ba9|flavor-windows-16-32|32768|10|0|16|False||1.0|hw:cpu_cores='16', hw:cpu_sockets='1'
a496044a-a3c3-4c3a-a5c5-d0b4c81a966a|n2-highcpu-8|8192|10|0|8|False|8192|1.0|
a4bedaf1-661a-4d0c-a44a-1ac9203c7115|c2-standard-2-1s|4096|10|0|2|True|4096|1.0|aggregate_instance_extra_specs:shared='true', hw:cpu_max_sockets='1'
a5bc1a22-45fc-4731-9607-2c4d0104cdeb|c2-standard-8-2s|20480|10|0|8|True|16384|1.0|aggregate_instance_extra_specs:shared='true', hw:cpu_max_sockets='1'
a6712eeb-cc4f-4ca9-a12c-a8ecb53543e8|app-dev|8192|10|0|8|True||1.0|aggregate_instance_extra_specs:shared='true', hw:cpu_max_sockets='1'
a872268f-b5ff-4a6e-b934-c5c774b900df|kafka-production-56-256|262144|200|0|56|True||1.0|hw:numa_nodes='4'
a89a1dfe-d0e6-4b7f-bffd-9e0e6f39be43|btech-n2-highmem-16-dedicated-hbase-test|131072|10|0|16|True|131072|1.0|aggregate_instance_extra_specs:pinned='true', hw:cpu_cores='4', hw:cpu_policy='dedicated', hw:cpu_sockets='4', hw:cpu_threads='2', hw:numa_nodes='2'
aaadba36-8abf-4891-a39c-1c280a08fc44|windows2019-8-8-200|8192|200|0|8|True||1.0|aggregate_instance_extra_specs:shared='true', hw:cpu_max_sockets='1'
ab39a06d-6f2a-4346-b6bd-58781134f3f5|n2-highcpu-16-8|8192|10|0|16|False||1.0|aggregate_instance_extra_specs:shared='true', hw:cpu_max_sockets='1'
abd6a45c-f7ad-4719-bb3b-4dc67ccf6029|brifirst-dev-4-8-test|8192|50|0|4|True|20480|1.0|aggregate_instance_extra_specs:shared='true', hw:cpu_max_sockets='1'
ac626c92-5de0-4d6e-9253-6e55f595d9bc|m1.tiny-1s|512|20|0|1|True|512|1.0|aggregate_instance_extra_specs:shared='true', hw:cpu_max_sockets='1'
acdb4f37-c28a-43de-957d-29e3eacf85aa|ddb-stag-24-24-100|24576|100|0|24|True||1.0|aggregate_instance_extra_specs:shared='true', hw:cpu_max_sockets='1'
aebb94a2-d362-4928-8654-3d8926ac0346|flavor-debug-2|4096|120|0|2|False||1.0|
b1783908-7d9e-48af-8ba7-de54a5ae945f|n2-highmem-16|131072|10|0|16|False|131072|1.0|aggregate_instance_extra_specs:shared='true', hw:cpu_max_sockets='1'
b1dbb495-bc5a-43d6-8185-09b64755514f|m1-medium-4-8|8192|20|0|4|False||1.0|
b240aa8e-95dd-49fe-a103-477f6668f831|kafka-production-16-64-dedicated|65536|200|0|16|True||1.0|aggregate_instance_extra_specs:pinned='true', hw:cpu_cores='8', hw:cpu_policy='dedicated', hw:cpu_threads='2', hw:numa_nodes='2'
b2e1a858-a011-4156-b9a0-0953c295f3da|kafka-production-8-8|8192|200|0|8|True||1.0|aggregate_instance_extra_specs:shared='true', hw:cpu_max_sockets='1'
b3781cdb-0e2e-4353-90be-4c323393c50a|n2-highcpu-80|81920|10|0|80|False|81920|1.0|
b6750660-dc04-434e-9b36-ddf2567abd52|btech-n2-highmem-16-dedicated-hbase-test-socket-2-numa-2|131072|10|0|16|True|131072|1.0|aggregate_instance_extra_specs:pinned='true', hw:cpu_cores='2', hw:cpu_policy='dedicated', hw:cpu_sockets='2', hw:cpu_threads='2', hw:numa_nodes='2'
b8474d9c-2a9e-4190-9b47-a365be1b0292|n2-standard-32|131072|10|0|32|False|131072|1.0|
b8d16956-8848-4c5f-845d-46ef70e61985|n2-highmem-32-dedicated-hbase|131072|10|0|32|True||1.0|aggregate_instance_extra_specs:pinned='true', hw:cpu_cores='8', hw:cpu_policy='dedicated', hw:cpu_sockets='2', hw:cpu_threads='2', hw:numa_nodes='4'
ba3cf0ac-b206-4f6e-a583-52c302f3ed61|hostbill|8192|60|0|8|False||1.0|
babd8000-ef9c-4ac7-85e6-e9b4a37c912f|k9-standard-m1-1s|16384|250|0|8|True||1.0|aggregate_instance_extra_specs:shared='true', hw:cpu_max_sockets='1'
bb3606f3-86c1-4928-b2b3-5a1b4ac9363d|standard-32-32|32768|10|0|32|True||1.0|aggregate_instance_extra_specs:shared='true', hw:cpu_max_sockets='1'
bbf6a7c0-ba13-41ca-a6b0-0b92284f3855|n2-standard-80-1s|327680|10|0|80|True|327680|1.0|aggregate_instance_extra_specs:shared='true', hw:cpu_max_sockets='1'
bd90fb43-4166-4d9d-8f84-d737ea42502a|n2-highmem-16-dedicated-hbase|131072|10|0|16|True||1.0|aggregate_instance_extra_specs:pinned='true', hw:cpu_max_cores='4', hw:cpu_max_sockets='4', hw:cpu_max_threads='2', hw:cpu_policy='dedicated', hw:numa_nodes='2'
be0dc1e5-154e-4f39-a2a5-1688f5618a9a|n2-highcpu-8-swap|8192|10|0|8|True|8192|1.0|aggregate_instance_extra_specs:shared='true', hw:cpu_max_sockets='1'
bfbdf4c5-3020-4b30-9e0d-bb0be74fb3b7|n2-standard-4-1s-200|16384|200|0|4|True||1.0|
c048f666-9004-4077-8526-ce397878a66f|senyum-mobile-db-psql-prd-1-16c-32m|32768|10|10|16|True||1.0|
c14d121a-a55f-4802-bb7d-8e88c72be3aa|c2-standard-8-32|32768|10|0|8|True|16384|1.0|aggregate_instance_extra_specs:shared='true', hw:cpu_max_sockets='1'
c2191753-743b-46ed-8c91-05c5bd0e122a|m1-medium-48-32-1s|32768|10|0|48|True|32768|1.0|aggregate_instance_extra_specs:shared='true', hw:cpu_max_sockets='1'
c283aa74-ca20-46f1-9387-2a2bcd17ef98|btech-n2-highmem-16-dedicated-hbase-test-core-2|131072|10|0|16|True|131072|1.0|aggregate_instance_extra_specs:pinned='true', hw:cpu_cores='2', hw:cpu_policy='dedicated', hw:cpu_sockets='4', hw:cpu_threads='2', hw:numa_nodes='2'
c35f08ae-3d14-48d2-a10b-49a089ca1419|ubuntu-DigitalPorto|4096|300|0|4|True||1.0|aggregate_instance_extra_specs:shared='true', hw:cpu_max_sockets='1'
c4ed2168-7fc1-4993-a888-8b83e05c93b0|test-recovery-2-4|4096|15|0|2|True||1.0|aggregate_instance_extra_specs:pinned='true', hw:cpu_max_sockets='1'
c563e9e4-a3c5-479d-874a-909186480688|s4hana-qas-brifirst-30-256|262144|10|0|30|True|20480|1.0|aggregate_instance_extra_specs:shared='true', hw:cpu_max_sockets='1'
c828ceed-daec-44c2-a1fc-82246570852a|n2-highcpu-8-1s|8192|10|0|8|True||1.0|aggregate_instance_extra_specs:shared='true', hw:cpu_max_sockets='1'
c99df1e4-36aa-400c-8eb5-d91d32ee4265|app-dev-4-16-swap8|16384|10|0|4|True|8192|1.0|aggregate_instance_extra_specs:shared='true', hw:cpu_max_sockets='1'
cac9cd96-1b7c-499f-84c2-885123429fcf|n2-highmem-80-1s|655360|10|0|80|True|655360|1.0|aggregate_instance_extra_specs:shared='true', hw:cpu_max_sockets='1'
cadf0064-59e2-45e7-bbfd-a532d92db589|n2-highmem-2|16384|10|0|2|False|16384|1.0|
ce716519-0ec2-4452-ae81-4faa9bc7ab34|flavor-kubernetes-2|8192|100|0|8|False|8192|1.0|
cfa8b0d5-2851-4f47-af99-3bfb73962d6f|c2-standard-4-1s-100|8192|100|0|4|True|8192|1.0|aggregate_instance_extra_specs:shared='true', hw:cpu_max_sockets='1'
d0d1d7ac-291c-4dda-9da3-40e4223fb1da|n2-highmem-32-dedicated|262144|10|0|32|True||1.0|aggregate_instance_extra_specs:pinned='true', hw:cpu_policy='dedicated', hw:numa_nodes='4'
d100042d-50cc-4690-8f2b-62c6e250f8c1|n2-highmem-64|524288|10|0|64|False|524288|1.0|
d103607d-0b30-4525-a4e8-605bf6da1bb5|ceria-nifi-32-128|131072|10|0|32|True||1.0|aggregate_instance_extra_specs:shared='true', hw:cpu_max_sockets='1'
d1120f95-7419-45b6-a0f6-624a3ee657c7|c2-standard-8|16384|10|0|8|False|16384|1.0|aggregate_instance_extra_specs:shared='true', hw:cpu_max_sockets='1'
d248ebbb-fd49-47e0-8e23-2c12d68c74cb|n2-highmem-8-dedicated|65536|10|0|8|True||1.0|aggregate_instance_extra_specs:pinned='true', hw:cpu_policy='dedicated', hw:numa_nodes='4'
d3a7036a-e8a8-4111-bbe1-85ee433ce64c|sabrina-database-flavor|24576|10|0|8|True||1.0|aggregate_instance_extra_specs:shared='true', hw:cpu_max_sockets='1'
d3bc16c3-28f7-49d8-b740-9ec8d25e9724|brimo-k8s-rtr-16-64|65536|200|0|16|True||1.0|aggregate_instance_extra_specs:shared='true', hw:cpu_cores='1', hw:cpu_sockets='1', hw:cpu_threads='2'
d58fca0d-f4a6-4745-a711-44350f45a4c7|n2-highmem-32-hbase-edm|131072|10|0|32|True|131072|1.0|aggregate_instance_extra_specs:pinned='true', hw:cpu_cores='8', hw:cpu_max_sockets='2', hw:cpu_policy='dedicated', hw:cpu_sockets='2', hw:cpu_threads='2', hw:numa_nodes='4'
d6009fcd-4253-40a0-b1e5-a13eaeeaa0e1|n2-highmem-32-dedicated-hbase-numa-4-v2|131072|10|0|32|True||1.0|aggregate_instance_extra_specs:pinned='true', hw:cpu_cores='8', hw:cpu_policy='dedicated', hw:cpu_sockets='2', hw:cpu_threads='2', hw:numa_nodes='4'
d7801c7f-53c5-4414-8342-e88c6a4d3608|n2-highcpu-16|16384|10|0|16|False|16384|1.0|hw:mem_page_size='large', hw:vif_multiqueue_enabled='true'
d862028b-2572-48c5-90ff-0c5c2741ec92|brifirst-dev-16-128|131072|250|0|16|False||1.0|aggregate_instance_extra_specs:shared='true', hw:cpu_max_sockets='1'
d8ea7e8e-3491-4d93-9b13-aed2f55535f8|fio-shared|16384|100|0|16|True||1.0|aggregate_instance_extra_specs:shared='true', hw:cpu_policy='shared'
d91077e0-3556-4eb1-bea4-4484b9e9aa4c|c2-standard-16|32768|10|0|16|False|32768|1.0|aggregate_instance_extra_specs:shared='true', hw:cpu_max_sockets='2'
da9069f1-5790-44af-92f2-46cf677a1610|n2-highcpu-48-1s|49152|10|0|48|True|49152|1.0|aggregate_instance_extra_specs:shared='true', hw:cpu_max_sockets='1'
daf55f75-9aeb-4ca1-945e-cdb3cd876129|n2-highmem-4-1s|32768|10|0|4|True|32768|1.0|aggregate_instance_extra_specs:shared='true', hw:cpu_max_sockets='1'
db232d33-8e7f-4729-a22e-a0e741e2a4dc|sabrina-appchatbot-8vcpu-24GBMem-16GBSwap|24576|10|0|8|True|16384|1.0|aggregate_instance_extra_specs:shared='true,hw:cpu_max_sockets=1'
dc01be5e-a8be-4740-9690-88bd21aeb476|n2-highcpu-32-2s|65536|10|0|32|True||1.0|aggregate_instance_extra_specs:shared='true', hw:cpu_max_sockets='1'
dc0ef73e-dde9-4722-ba36-6c89ff1af88f|grafana-16-16-50|16384|50|0|16|True||1.0|aggregate_instance_extra_specs:shared='true', hw:cpu_max_sockets='1'
dd92b3e7-2f06-47c5-9756-1de659a9e01d|test-rhel84|4096|20|0|1|True||1.0|aggregate_instance_extra_specs:shared='true', hw:cpu_sockets='1'
df4fa204-9b74-4886-8eb8-574754da5af0|c2-standard-4-1s-extend|8192|100|0|4|True||1.0|
e02fda2c-c036-4236-a5af-d46375a3df8f|s4hana-brifirst-16-128|131072|10|0|16|True|20480|1.0|aggregate_instance_extra_specs:shared='true', hw:cpu_max_sockets='1'
e0a412be-7c63-4524-b50c-ad6be0810dae|m1.medium|2048|20|0|2|False||1.0|
e19e6ba4-1aba-41c1-b504-ec5ae538e8c8|n2-highcpu-24-64|65536|10|0|24|False||1.0|aggregate_instance_extra_specs:shared='true', hw:cpu_max_cores='24', hw:cpu_max_sockets='1', hw:cpu_max_threads='1', hw:numa_nodes='4'
e1f81cab-fd6c-4d66-9ea0-48a8d5b391d6|n2-highdisk-300|1024|300|0|2|True||1.0|aggregate_instance_extra_specs:shared='true', hw:cpu_max_sockets='1'
e3f44c15-00ed-4829-bc72-e1acfb42da21|app-dev-rhel|8192|20|0|8|True|16384|1.0|aggregate_instance_extra_specs:shared='true', hw:cpu_max_sockets='1'
e446acfd-ba81-4dfd-881e-08092f1ee5ab|brimo-k8s-truenas-8-16|16384|100|0|8|True||1.0|aggregate_instance_extra_specs:shared='true', hw:cpu_cores='1', hw:cpu_sockets='1', hw:cpu_threads='2'
e6ebf705-eb9e-408b-acdc-db8b3d3aee40|m1.xlarge|16384|100|0|8|False||1.0|
e7d89713-ebc9-4a8e-9986-2b09afa06fa4|n2-standard-4-1s-swap|16384|10|0|4|True|16384|1.0|aggregate_instance_extra_specs:shared='true', hw:cpu_max_sockets='1'
e8bf4d34-d3fc-4651-a602-893c509f0af0|m1.large-1s|4096|50|0|4|True|4096|1.0|aggregate_instance_extra_specs:shared='true', hw:cpu_max_sockets='1'
e8cd8a2d-0c9f-41de-8385-0006cbbdcb80|dedicated-16-128-numa-4|131072|10|0|16|True||1.0|aggregate_instance_extra_specs:pinned='true', hw:cpu_policy='dedicated', hw:numa_nodes='4'
ea1440ae-c4ef-49d7-9d6b-7995ba9f097f|c2-standard-8-32s|32768|11|0|8|True|24576|1.0|aggregate_instance_extra_specs:shared='true', hw:cpu_max_sockets='1'
eb79172d-924b-4897-924c-4cca12eca388|brifirst-dev-8-64|65536|250|0|8|False||1.0|aggregate_instance_extra_specs:shared='true', hw:cpu_max_sockets='1'
ebc9a0a5-89f6-4a95-8422-64384393a82d|app-dev-4-16-1s|16384|10|0|4|True||1.0|aggregate_instance_extra_specs:shared='true', hw:cpu_max_sockets='1'
ec90b1e4-6589-4119-82b7-014ad02069c0|brifirst-dev-16-128-v2|131072|10|0|16|True|20480|1.0|aggregate_instance_extra_specs:shared='true', hw:cpu_max_sockets='1'
ed116d5a-168d-402c-8e6a-d5ff279b55c4|c2-standard-16-100|32768|100|0|16|False||1.0|
ee0cdcbb-b3c6-4403-94ce-a59aa0c99471|n2-standard-4-1s|16384|10|0|4|True||1.0|aggregate_instance_extra_specs:shared='true', hw:cpu_max_sockets='1'
f048bf25-3856-4778-8e79-f6ef26567a86|windows2019-8-200-1s|8192|200|0|4|True||1.0|aggregate_instance_extra_specs:shared='true', hw:cpu_max_sockets='1'
f146b680-20b5-4b35-b0ff-b9346968b67e|instance-16-16-numa-2|16384|10|0|16|True||1.0|aggregate_instance_extra_specs:pinned='true', hw:cpu_cores='1', hw:cpu_policy='dedicated', hw:cpu_threads='2', hw:numa_nodes='2'
f3dacf75-5efa-41c1-a65c-895419c2376a|freenas|8192|0|0|4|True||1.0|aggregate_instance_extra_specs:shared='true', hw:cpu_max_sockets='1'
f64b008c-e6a9-4720-b519-22db536cb77b|standard-1-2-swap|2048|10|0|1|True|2048|1.0|aggregate_instance_extra_specs:shared='true', hw:cpu_max_sockets='1'
f89dbec2-981d-4f49-b2d0-e66bc8900e95|reserved-cpu-64|196609|20|0|64|True|196609|1.0|aggregate_instance_extra_specs:shared='true', hw:cpu_max_sockets='1'
f8cba43f-fadf-4a02-8ca2-5fe9e4a102c0|sabrina-database-8-24|24576|10|0|8|True||1.0|aggregate_instance_extra_specs:shared='true', hw:cpu_max_sockets='1'
f99a4b6d-83e7-404b-b7da-1d71fc0d53ac|n2-highmem-4-16-dedicated|16384|10|0|4|True||1.0|aggregate_instance_extra_specs:pinned='true', hw:cpu_cores='1', hw:cpu_policy='dedicated', hw:cpu_sockets='1', hw:cpu_threads='2', hw:numa_nodes='2'
f9d7a9e5-44e4-4991-bf38-452dd782bcfc|instance-16-16-numa-4|16384|10|0|16|True||1.0|aggregate_instance_extra_specs:pinned='true', hw:cpu_cores='1', hw:cpu_policy='dedicated', hw:cpu_threads='2', hw:numa_nodes='4'
fab961ae-f82f-4d9b-b2a3-c1d9b1cf67f3|k8s-standard-4-24s|24576|10|0|4|True||1.0|aggregate_instance_extra_specs:shared='true', hw:cpu_sockets='1'
fb83d9eb-8095-4124-a3f7-1f6f4b28e053|n2-standard-4|16384|10|0|4|False|16384|1.0|aggregate_instance_extra_specs:shared='true', hw:cpu_max_sockets='1'
fc4e814a-0f52-40a9-ac39-67ad4a045c37|edb-n1-highcpu-24-32-dedicated|32768|10|0|24|True||1.0|aggregate_instance_extra_specs:pinned='true', hw:cpu_max_cores='24', hw:cpu_max_sockets='1', hw:cpu_max_threads='1', hw:cpu_policy='dedicated', hw:numa_nodes='1'
fc81784e-e79b-4a9f-873e-32d76968d119|k9-standard-4-8|8192|50|0|4|True||1.0|aggregate_instance_extra_specs:shared='true', hw:cpu_max_sockets='1'
fd978857-19fb-4802-829a-f1fefc831555|flavor-kubernetes-1s|16384|100|0|8|True|16384|1.0|aggregate_instance_extra_specs:shared='true', hw:cpu_max_sockets='1'
fdcac03f-8984-43e3-bfd9-5b280caaeaa4|n2-highcpu-24-32|32768|10|0|24|True||1.0|aggregate_instance_extra_specs:shared='true', hw:cpu_max_cores='24', hw:cpu_max_sockets='1', hw:cpu_max_threads='1', hw:numa_nodes='4'
